POLYMER_USED,DRUG,WATER_PH,CONCENTRATION,CAPACITY,SOURCE
polyPhOx,Aspirin,8.20,10,1.865e-1,https://www.researchgate.net/publication/384556501_2-Oxazoline-Based_Polymer_for_Pharmaceutical_Products_Adsorption_in_Aqueous_Media
polyPhOx,Aspirin,8.20,25,3.42e-1,https://www.researchgate.net/publication/384556501_2-Oxazoline-Based_Polymer_for_Pharmaceutical_Products_Adsorption_in_Aqueous_Media
polyPhOx,Aspirin,8.20,50,6.528e-1,https://www.researchgate.net/publication/384556501_2-Oxazoline-Based_Polymer_for_Pharmaceutical_Products_Adsorption_in_Aqueous_Media
polyPhOx,Aspirin,8.20,100,1.71e+0,https://www.researchgate.net/publication/384556501_2-Oxazoline-Based_Polymer_for_Pharmaceutical_Products_Adsorption_in_Aqueous_Media
polyPhOx,Aspirin,8.20,200,3.43e+0,https://www.researchgate.net/publication/384556501_2-Oxazoline-Based_Polymer_for_Pharmaceutical_Products_Adsorption_in_Aqueous_Media
polyPhOx,Ibuprofen,8.20,25,9.728e+0,https://www.researchgate.net/publication/384556501_2-Oxazoline-Based_Polymer_for_Pharmaceutical_Products_Adsorption_in_Aqueous_Media
polyPhOx,Ibuprofen,8.20,50,1.278e+1,https://www.researchgate.net/publication/384556501_2-Oxazoline-Based_Polymer_for_Pharmaceutical_Products_Adsorption_in_Aqueous_Media
polyPhOx,Ibuprofen,8.20,100,2.537e+1,https://www.researchgate.net/publication/384556501_2-Oxazoline-Based_Polymer_for_Pharmaceutical_Products_Adsorption_in_Aqueous_Media
polyPhOx,Ibuprofen,8.20,200,3.223e+1,https://www.researchgate.net/publication/384556501_2-Oxazoline-Based_Polymer_for_Pharmaceutical_Products_Adsorption_in_Aqueous_Media
polyPhOx,Metoclopramide,8.20,10,7.254e-2,https://www.researchgate.net/publication/384556501_2-Oxazoline-Based_Polymer_for_Pharmaceutical_Products_Adsorption_in_Aqueous_Media
polyPhOx,Metoclopramide,8.20,25,1.347e-1,https://www.researchgate.net/publication/384556501_2-Oxazoline-Based_Polymer_for_Pharmaceutical_Products_Adsorption_in_Aqueous_Media
polyPhOx,Metoclopramide,8.20,50,2.902e-1,https://www.researchgate.net/publication/384556501_2-Oxazoline-Based_Polymer_for_Pharmaceutical_Products_Adsorption_in_Aqueous_Media
polyPhOx,Metoclopramide,8.20,100,8.912e-1,https://www.researchgate.net/publication/384556501_2-Oxazoline-Based_Polymer_for_Pharmaceutical_Products_Adsorption_in_Aqueous_Media
polyPhOx,Metoclopramide,8.20,200,2.207e+0,https://www.researchgate.net/publication/384556501_2-Oxazoline-Based_Polymer_for_Pharmaceutical_Products_Adsorption_in_Aqueous_Media
polyPhOx,Pyramidone,8.20,10,1.347e-1,https://www.researchgate.net/publication/384556501_2-Oxazoline-Based_Polymer_for_Pharmaceutical_Products_Adsorption_in_Aqueous_Media
polyPhOx,Pyramidone,8.20,25,1.554e-1,https://www.researchgate.net/publication/384556501_2-Oxazoline-Based_Polymer_for_Pharmaceutical_Products_Adsorption_in_Aqueous_Media
polyPhOx,Pyramidone,8.20,50,1.658e-1,https://www.researchgate.net/publication/384556501_2-Oxazoline-Based_Polymer_for_Pharmaceutical_Products_Adsorption_in_Aqueous_Media
polyPhOx,Pyramidone,8.20,100,3.938e-1,https://www.researchgate.net/publication/384556501_2-Oxazoline-Based_Polymer_for_Pharmaceutical_Products_Adsorption_in_Aqueous_Media
polyPhOx,Pyramidone,8.20,200,8.187e-1,https://www.researchgate.net/publication/384556501_2-Oxazoline-Based_Polymer_for_Pharmaceutical_Products_Adsorption_in_Aqueous_Media
polyPhOx,Oestradiol,8.20,10,3.243e+0,https://www.researchgate.net/publication/384556501_2-Oxazoline-Based_Polymer_for_Pharmaceutical_Products_Adsorption_in_Aqueous_Media
polyPhOx,Oestradiol,8.20,25,5.341e+0,https://www.researchgate.net/publication/384556501_2-Oxazoline-Based_Polymer_for_Pharmaceutical_Products_Adsorption_in_Aqueous_Media
polyPhOx,Oestradiol,8.20,50,6.676e+0,https://www.researchgate.net/publication/384556501_2-Oxazoline-Based_Polymer_for_Pharmaceutical_Products_Adsorption_in_Aqueous_Media
polyPhOx,Oestradiol,8.20,100,2.956e+1,https://www.researchgate.net/publication/384556501_2-Oxazoline-Based_Polymer_for_Pharmaceutical_Products_Adsorption_in_Aqueous_Media
polyPhOx,Oestradiol,8.20,200,5.646e+1,https://www.researchgate.net/publication/384556501_2-Oxazoline-Based_Polymer_for_Pharmaceutical_Products_Adsorption_in_Aqueous_Media
polyPhOx,Indomethacin,8.20,10,1.144e+0,https://www.researchgate.net/publication/384556501_2-Oxazoline-Based_Polymer_for_Pharmaceutical_Products_Adsorption_in_Aqueous_Media
polyPhOx,Indomethacin,8.20,25,1.907e+0,https://www.researchgate.net/publication/384556501_2-Oxazoline-Based_Polymer_for_Pharmaceutical_Products_Adsorption_in_Aqueous_Media
polyPhOx,Indomethacin,8.20,50,4.768e+0,https://www.researchgate.net/publication/384556501_2-Oxazoline-Based_Polymer_for_Pharmaceutical_Products_Adsorption_in_Aqueous_Media
polyPhOx,Indomethacin,8.20,100,7.439e+0,https://www.researchgate.net/publication/384556501_2-Oxazoline-Based_Polymer_for_Pharmaceutical_Products_Adsorption_in_Aqueous_Media
polyPhOx,Indomethacin,8.20,200,1.984e+1,https://www.researchgate.net/publication/384556501_2-Oxazoline-Based_Polymer_for_Pharmaceutical_Products_Adsorption_in_Aqueous_Media
C-megl,Piroxicam,6.5,25,22.87,https://www.researchgate.net/publication/363374372_Single_and_Dual_polymeric_sponges_for_emerging_pollutants_removal
C-megl,Ampicillin,6.5,25,0,https://www.researchgate.net/publication/363374372_Single_and_Dual_polymeric_sponges_for_emerging_pollutants_removal
C-megl,Doxycycline,6.5,25,0,https://www.researchgate.net/publication/363374372_Single_and_Dual_polymeric_sponges_for_emerging_pollutants_removal
C-megl,Lomefloxacin,6.5,25,0,https://www.researchgate.net/publication/363374372_Single_and_Dual_polymeric_sponges_for_emerging_pollutants_removal
C-megl,Fluconazole,6.5,25,0,https://www.researchgate.net/publication/363374372_Single_and_Dual_polymeric_sponges_for_emerging_pollutants_removal
C-megl,Moxidectin,6.5,25,15.13,https://www.researchgate.net/publication/363374372_Single_and_Dual_polymeric_sponges_for_emerging_pollutants_removal
C-megl,2.4D,6.5,25,24.38,https://www.researchgate.net/publication/363374372_Single_and_Dual_polymeric_sponges_for_emerging_pollutants_removal
C-megl,Thymol Blue,6.5,25,24.17,https://www.researchgate.net/publication/363374372_Single_and_Dual_polymeric_sponges_for_emerging_pollutants_removal
C-megl,Methylene Violet,6.5,25,0,https://www.researchgate.net/publication/363374372_Single_and_Dual_polymeric_sponges_for_emerging_pollutants_removal
C-mA,Piroxicam,6.5,25,0,https://www.researchgate.net/publication/363374372_Single_and_Dual_polymeric_sponges_for_emerging_pollutants_removal
C-mA,Ampicillin,6.5,25,0,https://www.researchgate.net/publication/363374372_Single_and_Dual_polymeric_sponges_for_emerging_pollutants_removal
C-mA,Doxycycline,6.5,25,7.91,https://www.researchgate.net/publication/363374372_Single_and_Dual_polymeric_sponges_for_emerging_pollutants_removal
C-mA,Lomefloxacin,6.5,25,23.67,https://www.researchgate.net/publication/363374372_Single_and_Dual_polymeric_sponges_for_emerging_pollutants_removal
C-mA,Fluconazole,6.5,25,0,https://www.researchgate.net/publication/363374372_Single_and_Dual_polymeric_sponges_for_emerging_pollutants_removal
C-mA,Moxidectin,6.5,25,22.69,https://www.researchgate.net/publication/363374372_Single_and_Dual_polymeric_sponges_for_emerging_pollutants_removal
C-mA,2.4D,6.5,25,0,https://www.researchgate.net/publication/363374372_Single_and_Dual_polymeric_sponges_for_emerging_pollutants_removal
C-mA,Thymol Blue,6.5,25,0,https://www.researchgate.net/publication/363374372_Single_and_Dual_polymeric_sponges_for_emerging_pollutants_removal
C-mA,Methylene Violet,6.5,25,24.44,https://www.researchgate.net/publication/363374372_Single_and_Dual_polymeric_sponges_for_emerging_pollutants_removal
C-lys,Piroxicam,6.5,25,13.78,https://www.researchgate.net/publication/363374372_Single_and_Dual_polymeric_sponges_for_emerging_pollutants_removal
C-lys,Ampicillin,6.5,25,13.44,https://www.researchgate.net/publication/363374372_Single_and_Dual_polymeric_sponges_for_emerging_pollutants_removal
C-lys,Doxycycline,6.5,25,6.75,https://www.researchgate.net/publication/363374372_Single_and_Dual_polymeric_sponges_for_emerging_pollutants_removal
C-lys,Lomefloxacin,6.5,25,0,https://www.researchgate.net/publication/363374372_Single_and_Dual_polymeric_sponges_for_emerging_pollutants_removal
C-lys,Fluconazole,6.5,25,0,https://www.researchgate.net/publication/363374372_Single_and_Dual_polymeric_sponges_for_emerging_pollutants_removal
C-lys,Moxidectin,6.5,25,13.17,https://www.researchgate.net/publication/363374372_Single_and_Dual_polymeric_sponges_for_emerging_pollutants_removal
C-lys,2.4D,6.5,25,5.081e+1,https://www.researchgate.net/publication/363374372_Single_and_Dual_polymeric_sponges_for_emerging_pollutants_removal
C-lys,Thymol Blue,6.5,25,22.63,https://www.researchgate.net/publication/363374372_Single_and_Dual_polymeric_sponges_for_emerging_pollutants_removal
C-lys,Methylene Violet,6.5,25,0,https://www.researchgate.net/publication/363374372_Single_and_Dual_polymeric_sponges_for_emerging_pollutants_removal
C-ph,Piroxicam,6.5,25,0,https://www.researchgate.net/publication/363374372_Single_and_Dual_polymeric_sponges_for_emerging_pollutants_removal
C-ph,Ampicillin,6.5,25,4.20,https://www.researchgate.net/publication/363374372_Single_and_Dual_polymeric_sponges_for_emerging_pollutants_removal
C-ph,Doxycycline,6.5,25,13.26,https://www.researchgate.net/publication/363374372_Single_and_Dual_polymeric_sponges_for_emerging_pollutants_removal
C-ph,Lomefloxacin,6.5,25,0,https://www.researchgate.net/publication/363374372_Single_and_Dual_polymeric_sponges_for_emerging_pollutants_removal
C-ph,Fluconazole,6.5,25,0,https://www.researchgate.net/publication/363374372_Single_and_Dual_polymeric_sponges_for_emerging_pollutants_removal
C-ph,Moxidectin,6.5,25,5.6,https://www.researchgate.net/publication/363374372_Single_and_Dual_polymeric_sponges_for_emerging_pollutants_removal
C-ph,2.4D,6.5,25,3.46,https://www.researchgate.net/publication/363374372_Single_and_Dual_polymeric_sponges_for_emerging_pollutants_removal
C-ph,Thymol Blue,6.5,25,14.73,https://www.researchgate.net/publication/363374372_Single_and_Dual_polymeric_sponges_for_emerging_pollutants_removal
C-ph,Methylene Violet,6.5,25,24.46,https://www.researchgate.net/publication/363374372_Single_and_Dual_polymeric_sponges_for_emerging_pollutants_removal
C-megl,Piroxicam,6.5,25,2.372e+1,https://www.researchgate.net/publication/363374372_Single_and_Dual_polymeric_sponges_for_emerging_pollutants_removal
C-megl,Piroxicam,6.5,50,4.719e+1,https://www.researchgate.net/publication/363374372_Single_and_Dual_polymeric_sponges_for_emerging_pollutants_removal
C-megl,Piroxicam,6.5,100,9.364e+1,https://www.researchgate.net/publication/363374372_Single_and_Dual_polymeric_sponges_for_emerging_pollutants_removal
C-megl,Moxidectin,6.5,25,1.521e+1,https://www.researchgate.net/publication/363374372_Single_and_Dual_polymeric_sponges_for_emerging_pollutants_removal
C-megl,Moxidectin,6.5,50,3.042e+1,https://www.researchgate.net/publication/363374372_Single_and_Dual_polymeric_sponges_for_emerging_pollutants_removal
C-megl,Moxidectin,6.5,100,6.104e+1,https://www.researchgate.net/publication/363374372_Single_and_Dual_polymeric_sponges_for_emerging_pollutants_removal
C-megl,2.4D,6.5,25,2.219e+1,https://www.researchgate.net/publication/363374372_Single_and_Dual_polymeric_sponges_for_emerging_pollutants_removal
C-megl,2.4D,6.5,50,4.514e+1,https://www.researchgate.net/publication/363374372_Single_and_Dual_polymeric_sponges_for_emerging_pollutants_removal
C-megl,2.4D,6.5,100,9.127e+1,https://www.researchgate.net/publication/363374372_Single_and_Dual_polymeric_sponges_for_emerging_pollutants_removal
C-megl,Thymol Blue,6.5,25,2.438e+1,https://www.researchgate.net/publication/363374372_Single_and_Dual_polymeric_sponges_for_emerging_pollutants_removal
C-megl,Thymol Blue,6.5,50,4.701e+1,https://www.researchgate.net/publication/363374372_Single_and_Dual_polymeric_sponges_for_emerging_pollutants_removal
C-megl,Thymol Blue,6.5,100,9.403e+1,https://www.researchgate.net/publication/363374372_Single_and_Dual_polymeric_sponges_for_emerging_pollutants_removal
polyethylene,fluoxetine,7.8,0.5,0.362,https://www.sciencedirect.com/science/article/pii/S0048969721071473
polyethylene,propranolol,7.8,0.5,0.186,https://www.sciencedirect.com/science/article/pii/S0048969721071473
polyethylene,ketamine,7.8,0.5,0.0809,https://www.sciencedirect.com/science/article/pii/S0048969721071473
polyethylene,atorvastatin,7.8,0.5,0.0691,https://www.sciencedirect.com/science/article/pii/S0048969721071473
polyethylene,carbamazepine,7.8,0.5,0.0837,https://www.sciencedirect.com/science/article/pii/S0048969721071473
Methacrylic acid,diclofenac,6.0,2.0,0.0717,https://link.springer.com/article/10.1007/s11356-022-19130-0
Methacrylic acid,naproxen,6.0,2.0,0.0719,https://link.springer.com/article/10.1007/s11356-022-19130-0
Methacrylic acid,ibuprofen,6.0,2.0,0.0700,https://link.springer.com/article/10.1007/s11356-022-19130-0
Vinylpyridine,diclofenac,6.0,2.0,0.0728,https://link.springer.com/article/10.1007/s11356-022-19130-0
Vinylpyridine,naproxen,6.0,2.0,0.0798,https://link.springer.com/article/10.1007/s11356-022-19130-0
Vinylpyridine,ibuprofen,6.0,2.0,0.0789,https://link.springer.com/article/10.1007/s11356-022-19130-0
CP-APM,Cd(II),5,100,43.5,https://www.sciencedirect.com/science/article/pii/S0141813022004779
CP-APM,Pb(II),5,100,65.7,https://www.sciencedirect.com/science/article/pii/S0141813022004779
Poly(N-isopropylacrylamide) ferrogel,Silver,6.6,100,13.6,https://www.sciencedirect.com/science/article/pii/S2213343718305608
polyethyleneimine,Congo red,6,300,105,https://link.springer.com/article/10.1007/s13369-023-08604-z
polyethyleneimine,Congo red,6,525,2.1,https://link.springer.com/article/10.1007/s13369-023-08604-z
polyethyleneimine,Congo red,6,700,2.8,https://link.springer.com/article/10.1007/s13369-023-08604-z
polyethyleneimine,Congo red,6,1400,5.6,https://link.springer.com/article/10.1007/s13369-023-08604-z
Polyamide 4/6 Nanofibers,Clarithromycin,7.0,0.002521,0.0133986666666667,https://link.springer.com/article/10.1007/s11270-023-06281-0
Polyamide 4/6 Nanofibers,Clarithromycin,7.0,0.004369,0.0227716666666667,https://link.springer.com/article/10.1007/s11270-023-06281-0
Polyamide 4/6 Nanofibers,Clarithromycin,7.0,0.01741,0.332416666666667,https://link.springer.com/article/10.1007/s11270-023-06281-0
Polyamide 4/6 Nanofibers,Clarithromycin,7.0,0.01916,0.420733333333333,https://link.springer.com/article/10.1007/s11270-023-06281-0
Polyamide 4/6 Nanofibers,Clarithromycin,7.0,0.02191,0.524316666666667,https://link.springer.com/article/10.1007/s11270-023-06281-0
Polyamide 4/6 Nanofibers,Amoxicillin trihydrate,7.0,0.005519,0.0174953333333333,https://link.springer.com/article/10.1007/s11270-023-06281-0
Polyamide 4/6 Nanofibers,Amoxicillin trihydrate,7.0,0.006967,0.0235116666666667,https://link.springer.com/article/10.1007/s11270-023-06281-0
Polyamide 4/6 Nanofibers,Amoxicillin trihydrate,7.0,0.01446,0.07918,https://link.springer.com/article/10.1007/s11270-023-06281-0
Polyamide 4/6 Nanofibers,Amoxicillin trihydrate,7.0,0.02465,0.337283333333333,https://link.springer.com/article/10.1007/s11270-023-06281-0
Polyamide 4/6 Nanofibers,Amoxicillin trihydrate,7.0,0.0285,0.6378,https://link.springer.com/article/10.1007/s11270-023-06281-0
Polyamide 4/6 Nanofibers,Sulfamethoxazole,7.0,0.001572,0.01272,https://link.springer.com/article/10.1007/s11270-023-06281-0
Polyamide 4/6 Nanofibers,Sulfamethoxazole,7.0,0.008116,0.0641066666666667,https://link.springer.com/article/10.1007/s11270-023-06281-0
Polyamide 4/6 Nanofibers,Sulfamethoxazole,7.0,0.01591,0.126616666666667,https://link.springer.com/article/10.1007/s11270-023-06281-0
Polyamide 4/6 Nanofibers,Sulfamethoxazole,7.0,0.0254,0.425733333333333,https://link.springer.com/article/10.1007/s11270-023-06281-0
Polyamide 4/6 Nanofibers,Sulfamethoxazole,7.0,0.0246,0.7375,https://link.springer.com/article/10.1007/s11270-023-06281-0
Polyamide 4/6 Nanofibers,Azithromycin dihydrate,7.0,0.006568,0.0489266666666667,https://link.springer.com/article/10.1007/s11270-023-06281-0
Polyamide 4/6 Nanofibers,Azithromycin dihydrate,7.0,0.01851,0.22265,https://link.springer.com/article/10.1007/s11270-023-06281-0
Polyamide 4/6 Nanofibers,Azithromycin dihydrate,7.0,0.01911,0.23715,https://link.springer.com/article/10.1007/s11270-023-06281-0
Polyamide 4/6 Nanofibers,Azithromycin dihydrate,7.0,0.02685,0.66745,https://link.springer.com/article/10.1007/s11270-023-06281-0
Polyamide 4/6 Nanofibers,Trimethoprim,7.0,0.001922,0.0654733333333333,https://link.springer.com/article/10.1007/s11270-023-06281-0
Polyamide 4/6 Nanofibers,Trimethoprim,7.0,0.00352,0.108666666666667,https://link.springer.com/article/10.1007/s11270-023-06281-0
Polyamide 4/6 Nanofibers,Trimethoprim,7.0,0.007217,0.380128333333333,https://link.springer.com/article/10.1007/s11270-023-06281-0
Polyamide 4/6 Nanofibers,Trimethoprim,7.0,0.007517,0.433728333333333,https://link.springer.com/article/10.1007/s11270-023-06281-0
Polyamide 4/6 Nanofibers,Clarithromycin,8.2,0.000118,0.000211736666666667,https://link.springer.com/article/10.1007/s11270-023-06281-0
Polyamide 4/6 Nanofibers,Clarithromycin,8.2,0.0001376,0.000251933333333333,https://link.springer.com/article/10.1007/s11270-023-06281-0
Polyamide 4/6 Nanofibers,Clarithromycin,8.2,0.0001573,0.000294186666666667,https://link.springer.com/article/10.1007/s11270-023-06281-0
Polyamide 4/6 Nanofibers,Clarithromycin,8.2,0.0004803,0.0009964,https://link.springer.com/article/10.1007/s11270-023-06281-0
Polyamide 4/6 Nanofibers,Clarithromycin,8.2,0.0006096,0.0013776,https://link.springer.com/article/10.1007/s11270-023-06281-0
Polyamide 4/6 Nanofibers,Amoxicillin trihydrate,8.2,0.0003904,0.00101226666666667,https://link.springer.com/article/10.1007/s11270-023-06281-0
Polyamide 4/6 Nanofibers,Amoxicillin trihydrate,8.2,0.0004691,0.00161803333333333,https://link.springer.com/article/10.1007/s11270-023-06281-0
Polyamide 4/6 Nanofibers,Amoxicillin trihydrate,8.2,0.0001713,0.00031752,https://link.springer.com/article/10.1007/s11270-023-06281-0
Polyamide 4/6 Nanofibers,Amoxicillin trihydrate,8.2,0.0000618,0.000106766,https://link.springer.com/article/10.1007/s11270-023-06281-0
Polyamide 4/6 Nanofibers,Sulfamethoxazole,8.2,0.00001404,0.00003658,https://link.springer.com/article/10.1007/s11270-023-06281-0
Polyamide 4/6 Nanofibers,Sulfamethoxazole,8.2,0.0001826,0.000315633333333333,https://link.springer.com/article/10.1007/s11270-023-06281-0
Polyamide 4/6 Nanofibers,Sulfamethoxazole,8.2,0.0002444,0.000469483333333333,https://link.springer.com/article/10.1007/s11270-023-06281-0
Polyamide 4/6 Nanofibers,Sulfamethoxazole,8.2,0.0002949,0.0014783,https://link.springer.com/article/10.1007/s11270-023-06281-0
Polyamide 4/6 Nanofibers,Azithromycin dihydrate,8.2,0.0002051,0.000417163333333333,https://link.springer.com/article/10.1007/s11270-023-06281-0
Polyamide 4/6 Nanofibers,Azithromycin dihydrate,8.2,0.000264,0.0007131,https://link.springer.com/article/10.1007/s11270-023-06281-0
Polyamide 4/6 Nanofibers,Azithromycin dihydrate,8.2,0.0003146,0.000933033333333333,https://link.springer.com/article/10.1007/s11270-023-06281-0
Polyamide 4/6 Nanofibers,Azithromycin dihydrate,8.2,0.0003258,0.0010534,https://link.springer.com/article/10.1007/s11270-023-06281-0
Polyamide 4/6 Nanofibers,Trimethoprim,8.2,0.00002247,0.00006005,https://link.springer.com/article/10.1007/s11270-023-06281-0
Polyamide 4/6 Nanofibers,Trimethoprim,8.2,0.0001124,0.000224993333333333,https://link.springer.com/article/10.1007/s11270-023-06281-0
Polyamide 4/6 Nanofibers,Trimethoprim,8.2,0.0002388,0.00049405,https://link.springer.com/article/10.1007/s11270-023-06281-0
Polyamide 4/6 Nanofibers,Trimethoprim,8.2,0.0002781,0.0006556,https://link.springer.com/article/10.1007/s11270-023-06281-0
Polyamide 4/6 Nanofibers,Trimethoprim,8.2,0.0003062,0.000864333333333333,https://link.springer.com/article/10.1007/s11270-023-06281-0
Graphene oxide (GO),Atenolol,2,60,116,https://link.springer.com/article/10.1007/s41742-025-00825-4
Graphene oxide (GO),Propranolol,1,60,67,https://link.springer.com/article/10.1007/s41742-025-00825-4
Graphene oxide,Doxorubicin,3.4,350,1428.57,https://link.springer.com/article/10.1007/s41742-025-00825-4
Magnetic graphene oxide functionalized with nitricacid(NDMGO),Ciprofloxacin,9,50,334.78,https://link.springer.com/article/10.1007/s41742-025-00825-4
GO/sodium alginate hydrogels,Ciprofloxacin,4,50,86.12,https://link.springer.com/article/10.1007/s41742-025-00825-4
GO/calcium alginate fibers,Ciprofloxacin,5.9,60,66.25,https://link.springer.com/article/10.1007/s41742-025-00825-4
Porous graphene oxide-chitosan aerogel (PGO-CS),Tetracycline,9,2000,1470,https://link.springer.com/article/10.1007/s41742-025-00825-4
Fe3O4@SiO2 Chitosan/GO,Tetracycline,6,50,32.5,https://link.springer.com/article/10.1007/s41742-025-00825-4
Graphene oxide,Tetracycline,7,20,323,https://link.springer.com/article/10.1007/s41742-025-00825-4
NDMGO,Tetracycline,4,50,400,https://link.springer.com/article/10.1007/s41742-025-00825-4
Thiourea-dioxide-reduced magnetic graphene oxide (TDMGO),Tetracycline,4,100,1233,https://link.springer.com/article/10.1007/s41742-025-00825-4
Diethylenetriaminepenta-acetic acid-functionalized magnetic graphene oxide (DDMGO),Tetracycline,3,50,110,https://link.springer.com/article/10.1007/s41742-025-00825-4
Diethylenetriaminepenta-acetic acid-functionalized magnetic graphene oxide (DDMGO),Ciprofloxacin,8,50,300,https://link.springer.com/article/10.1007/s41742-025-00825-4
Pristine graphene,Sulfamethoxazole,2,100,239,https://link.springer.com/article/10.1007/s41742-025-00825-4
Graphene oxide nanoparticles,Metformin,6.26,300,122.61,https://link.springer.com/article/10.1007/s41742-025-00825-4
Graphene oxide,Ketoprofen,4,50,16.45,https://link.springer.com/article/10.1007/s41742-025-00825-4
Graphene oxide-ionic liquids,Ketoprofen,8,50,87.88,https://link.springer.com/article/10.1007/s41742-025-00825-4
Nitrogen-doped reduced graphene oxide/Fe3O4 nanocomposite,Ketoprofen,7,20,468,https://link.springer.com/article/10.1007/s41742-025-00825-4
Nitrogen-doped reduced graphene oxide/Fe3O4 nanocomposite,Norfloxacin,10,20,158,https://link.springer.com/article/10.1007/s41742-025-00825-4
Magnetic genipin-crosslinked chitosan/graphene oxide-SO3H composite,Ibuprofen,6,10,138,https://link.springer.com/article/10.1007/s41742-025-00825-4
Magnetically modified graphene nanoplatelets,Amoxicillin,5,10,14.10,https://link.springer.com/article/10.1007/s41742-025-00825-4
Graphene oxide,Carbamazepine,2.0,50,28.24,https://link.springer.com/article/10.1007/s41742-025-00825-4
Graphene oxide-ionic liquids,Carbamazepine,2.0,50,61.88,https://link.springer.com/article/10.1007/s41742-025-00825-4
Fe3O4 nanoparticle,Levofloxacin,6.5,20,6.848,https://link.springer.com/article/10.1007/s41742-025-00825-4
NiFe2O4/biochar composites,Levofloxacin,6,40,172,https://link.springer.com/article/10.1007/s41742-025-00825-4
Biochar/MgFe2O4,Levofloxacin,5,100,115,https://link.springer.com/article/10.1007/s41742-025-00825-4
Magnetic NPs coated with Rhamnolipids (Rh-cMNP),Acetaminophen,5,60,96,https://link.springer.com/article/10.1007/s41742-025-00825-4
Magnetic mesoporous silica microspheres,Acetaminophen,5,150,311,https://link.springer.com/article/10.1007/s41742-025-00825-4
"Iron, copper oxides composite particles (Fe/Cu oxides CPs)",Norfloxacin,8.12,15,1.64,https://link.springer.com/article/10.1007/s41742-025-00825-4
"Iron, copper oxides composite particles (Fe/Cu oxides CPs)",Ofloxacin,8.87,15,1.26,https://link.springer.com/article/10.1007/s41742-025-00825-4
MgFe2O4,Chlorpyrifos,10,20,4461,https://link.springer.com/article/10.1007/s41742-025-00825-4
MgO,Linezolid antibiotic,10,100,123.45,https://link.springer.com/article/10.1007/s41742-025-00825-4
ZnO-MgO nanocomposites,Linezolid antibiotic,10,100,140.28,https://link.springer.com/article/10.1007/s41742-025-00825-4
Fe3O4@C Matrix,Acetylsalicylic acid,3,100,234,https://link.springer.com/article/10.1007/s41742-025-00825-4
Fe3O4/Douglas fir biochar,Acetylsalicylic acid,8,100,150,https://link.springer.com/article/10.1007/s41742-025-00825-4
(α-Fe2O3),Cephalexin,7.5,150,70,https://link.springer.com/article/10.1007/s41742-025-00825-4
Magnetic Fe3O4 NPs coated zeolite,Cephalexin,7,40,25,https://link.springer.com/article/10.1007/s41742-025-00825-4
MnO2@carbonmicrospheres,Amoxicillin,7,40,16.094,https://link.springer.com/article/10.1007/s41742-025-00825-4
Magnetic cadmiumbased MOFs modified with chitosan 
(Fe3O4@Cd-MOF@CS),Amoxicillin,8,50,103,https://link.springer.com/article/10.1007/s41742-025-00825-4
Mn-Zn ferrite/biochar (MZF-BC),Tetracycline,3,50,142,https://link.springer.com/article/10.1007/s41742-025-00825-4
NiFe2O4-COF-chitosanterphthalaldehyde nanocomposites film,Tetracycline,8,100,388.52,https://link.springer.com/article/10.1007/s41742-025-00825-4
NiFe2O4-COF-chitosanterphthalaldehyde nanocomposites film,Cefotaxime,4,100,309.26,https://link.springer.com/article/10.1007/s41742-025-00825-4
Fe3O4/CD/AC/SA,Norfloxacin,5,20,2.551,https://link.springer.com/article/10.1007/s41742-025-00825-4
Fe3O4/CD/AC/SA,Ciprofloxacin,5,20,3.125,https://link.springer.com/article/10.1007/s41742-025-00825-4
Fe3O4/red mud,Ciprofloxacin,6,3,110.15,https://link.springer.com/article/10.1007/s41742-025-00825-4
Amine-coated magnetic Nanocomposite NiFe2O4@SiO2,Ibuprofen,7,12,59,https://link.springer.com/article/10.1007/s41742-025-00825-4
Rape straw biomass fiber/β-Cyclodextrin/Fe3O4,Ibuprofen,6,100,48,https://link.springer.com/article/10.1007/s41742-025-00825-4
Plantain peel activated carbon-supported zinc oxide (PPAC-ZnO) nanocomposite,Chloroquine for COVID-19 treatment,5,50,50.5,https://link.springer.com/article/10.1007/s41742-025-00825-4
Polyacrylonitrile/Polyaniline (PAN/PANI),Chloroxylenol,7,50,429.18,https://link.springer.com/article/10.1007/s41742-025-00825-4
Polyacrylonitrile/Polyaniline (PAN/PANI),Ibuprofen,7,50,613.50,https://link.springer.com/article/10.1007/s41742-025-00825-4
Polyacrylonitrile/Polyaniline (PAN/PANI),N-diethyl-meta-toluamide,7,50,384.61,https://link.springer.com/article/10.1007/s41742-025-00825-4
Polypyrrole functionalized Calotropis gigantea fiber (PPy-O-CGF),Enrofloxacin,6,100,78.27,https://link.springer.com/article/10.1007/s41742-025-00825-4
Polypyrrole functionalized Calotropis gigantea fiber (PPy-O-CGF),Ciprofloxacin,6,100,76.61,https://link.springer.com/article/10.1007/s41742-025-00825-4
Polypyrrole functionalized Calotropis gigantea fiber (PPy-O-CGF),Norfloxacin,6,100,68.90,https://link.springer.com/article/10.1007/s41742-025-00825-4
PPy-PANI copolymer,Metronidazole,6.2,10,63.84,https://link.springer.com/article/10.1007/s41742-025-00825-4
Poly(aniline-co-pyrrole),Phenylbutazone,6,0.1,238.8,https://link.springer.com/article/10.1007/s41742-025-00825-4
Poly(aniline-co-pyrrole),Ceftiofur,6,0.1,13.66,https://link.springer.com/article/10.1007/s41742-025-00825-4
Poly(aniline-co-pyrrole),Prednisolone,6,0.1,35.62,https://link.springer.com/article/10.1007/s41742-025-00825-4
Functional Polyaniline/multiwalled carbon nanotube composite (PANI/MWCNT),Meloxicam,2,0.1,221.2,https://link.springer.com/article/10.1007/s41742-025-00825-4
Polyaniline-deposited cellulose fiber composite,Meloxicam,2,2,169.5,https://link.springer.com/article/10.1007/s41742-025-00825-4
Poly(aniline-co-pyrrole)/multi-walled carbon nanotubes,Anti-inflammatory,6,0.1,159.9,https://link.springer.com/article/10.1007/s41742-025-00825-4
Poly(aniline-co-pyrrole)/multi-walled carbon nanotubes,Phenylbutazone,6,0.1,172.7,https://link.springer.com/article/10.1007/s41742-025-00825-4
Pristine polypyrrole,Diclofenac,6,1.5,221.23,https://link.springer.com/article/10.1007/s41742-025-00825-4
Pristine polypyrrole,Moxidectin,6,1.5,87.46,https://link.springer.com/article/10.1007/s41742-025-00825-4
Polypyrrole/Zinc oxide (PPy/ZnO),Paracetamol,7,5,25.51,https://link.springer.com/article/10.1007/s41742-025-00825-4
Amberlite-XAD-16 polymer,Cephalexin,3,25,116,https://link.springer.com/article/10.1007/s41742-025-00825-4
Amberlite-XAD-4 polymer,Cephalexin,3,25,357,https://link.springer.com/article/10.1007/s41742-025-00825-4
Poly(styrene-block-acrylic acid) deblock copolymer/Fe3O4 magnetic,Ciprofloxacin,7,5,15.52,https://link.springer.com/article/10.1007/s41742-025-00825-4
Polyaniline/Graphene Oxide Based Nanocomposites,Ciprofloxacin,6,100,106.38,https://link.springer.com/article/10.1007/s41742-025-00825-4
Polyaniline-coated magnetic nanoparticles,Diclofenac,4,25,34.43,https://link.springer.com/article/10.1007/s41742-025-00825-4
Fe3O4 coated polymer (clay: chitosan) composite,Atenolol,10,40,15.6,https://link.springer.com/article/10.1007/s41742-025-00825-4
Fe3O4 coated polymer (clay: chitosan) composite,Ciprofloxacin,7,40,39.1,https://link.springer.com/article/10.1007/s41742-025-00825-4
Fe3O4 coated polymer (clay: chitosan) composite,Gemfibrozil,4,40,24.8,https://link.springer.com/article/10.1007/s41742-025-00825-4
Chitosan-carbon nanotubes,Amoxicillin,7,40,23.1,https://link.springer.com/article/10.1007/s41742-025-00825-4
Chitosan-carbon nanotubes,Ciprofloxacin,7,40,23.7,https://link.springer.com/article/10.1007/s41742-025-00825-4
Chitosan-carbon nanotubes,Sulfamethoxazole,7,40,25.17,https://link.springer.com/article/10.1007/s41742-025-00825-4
Poly(acrylic acid) grafted chitosan/Graphite oxide,Dorzolamide,3,100,334,https://link.springer.com/article/10.1007/s41742-025-00825-4
